,pair_diff_std,pair_diff_max,pair_diff_min,pair_winner_balance,pair_diff_entropy,EV_diff,complexity
pair_diff_std,1.0,0.5080910785030652,-0.565543616568708,-0.05874547509709443,0.2255705040555992,-0.06269275258042223,0.12467300893911398
pair_diff_max,0.5080910785030652,1.0,0.29100528909286216,0.1762881127349999,0.0904159262923123,0.5589514690386507,0.07448875120518632
pair_diff_min,-0.565543616568708,0.29100528909286216,1.0,0.24186993884624847,-0.11209311372550453,0.6062907562107599,-0.05531350678252105
pair_winner_balance,-0.05874547509709443,0.1762881127349999,0.24186993884624847,1.0,-0.012930587575727306,0.7497928336807267,0.01868482544869635
pair_diff_entropy,0.2255705040555992,0.0904159262923123,-0.11209311372550453,-0.012930587575727306,1.0,-0.012770571885014015,-0.016910196326791607
EV_diff,-0.06269275258042223,0.5589514690386507,0.6062907562107599,0.7497928336807267,-0.012770571885014015,1.0,0.022761252734089885
complexity,0.12467300893911398,0.07448875120518632,-0.05531350678252105,0.01868482544869635,-0.016910196326791607,0.022761252734089885,1.0
