,pair_diff_std,pair_diff_max,pair_diff_min,pair_winner_balance,pair_diff_entropy,EV_diff,complexity
pair_diff_std,1.0,0.4767364629632802,-0.45451053876500586,0.019604677833428973,0.15909575558995234,0.009985726788246973,0.013216407429904431
pair_diff_max,0.4767364629632802,1.0,0.4638559199668224,0.5669819547788311,0.09308219166464815,0.7287324239418028,0.022752077865259752
pair_diff_min,-0.45451053876500586,0.4638559199668224,1.0,0.5652531498620419,-0.07296781532220697,0.7324103992705013,0.007840173189060986
pair_winner_balance,0.019604677833428973,0.5669819547788311,0.5652531498620419,1.0,0.003503818609581624,0.883569285841934,-0.018338746882477375
pair_diff_entropy,0.15909575558995234,0.09308219166464815,-0.07296781532220697,0.003503818609581624,1.0,-0.0018670411003733679,0.0005106602007950278
EV_diff,0.009985726788246973,0.7287324239418028,0.7324103992705013,0.883569285841934,-0.0018670411003733679,1.0,-0.008673246842037447
complexity,0.013216407429904431,0.022752077865259752,0.007840173189060986,-0.018338746882477375,0.0005106602007950278,-0.008673246842037447,1.0
