,pair_diff_std,pair_diff_max,pair_diff_min,pair_winner_balance,pair_diff_entropy,EV_diff,complexity
pair_diff_std,1.0,0.6143101193789575,-0.5959676217688525,-0.008983261253769961,0.3106560082206727,0.015464197915119774,0.020053439227558627
pair_diff_max,0.6143101193789575,1.0,0.14401641812218083,-0.10809286907358237,0.1630110812688749,0.389194495974186,0.053548851523511666
pair_diff_min,-0.5959676217688525,0.14401641812218083,1.0,-0.1004998354089484,-0.152568435902546,0.38019515219428335,-0.03764643430802592
pair_winner_balance,-0.008983261253769961,-0.10809286907358237,-0.1004998354089484,1.0,0.0015838300331624073,0.6699247093304935,0.0038306923259415235
pair_diff_entropy,0.3106560082206727,0.1630110812688749,-0.152568435902546,0.0015838300331624073,1.0,0.005855243034353742,-0.043567259071809306
EV_diff,0.015464197915119774,0.389194495974186,0.38019515219428335,0.6699247093304935,0.005855243034353742,1.0,0.004870779151072503
complexity,0.020053439227558627,0.053548851523511666,-0.03764643430802592,0.0038306923259415235,-0.043567259071809306,0.004870779151072503,1.0
