,pair_diff_std,pair_diff_max,pair_diff_min,pair_winner_balance,pair_diff_entropy,EV_diff,complexity
pair_diff_std,1.0,0.4341141091071279,-0.5846153579925774,-0.14119215576429425,0.09980471045879973,-0.13500210154914466,0.17786273377077605
pair_diff_max,0.4341141091071279,1.0,0.33317008924787256,0.2796967569302798,0.007443015612979892,0.5869182615718991,0.08923122979674965
pair_diff_min,-0.5846153579925774,0.33317008924787256,1.0,0.408388116834372,-0.07244680768141172,0.6674196588775336,-0.06669412397746734
pair_winner_balance,-0.14119215576429425,0.2796967569302798,0.408388116834372,1.0,-0.031186797076049263,0.8116478696064695,0.029187958633047587
pair_diff_entropy,0.09980471045879973,0.007443015612979892,-0.07244680768141172,-0.031186797076049263,1.0,-0.019210623701857204,-0.04340719250807857
EV_diff,-0.13500210154914466,0.5869182615718991,0.6674196588775336,0.8116478696064695,-0.019210623701857204,1.0,0.04210863227486568
complexity,0.17786273377077605,0.08923122979674965,-0.06669412397746734,0.029187958633047587,-0.04340719250807857,0.04210863227486568,1.0
